区域,修炼场（周一）,修炼场（周一）,修炼场（周一）,修炼场（周一）,修炼场（周二）,修炼场（周二）,修炼场（周二）,修炼场（周二）,修炼场（周三）,修炼场（周三）,修炼场（周三）,修炼场（周三）,修炼场（周四）,修炼场（周四）,修炼场（周四）,修炼场（周四）,修炼场（周五）,修炼场（周五）,修炼场（周五）,修炼场（周五）,修炼场（周六）,修炼场（周六）,修炼场（周六）,修炼场（周六）,修炼场（周日）,修炼场（周日）,修炼场（周日）,修炼场（周日）,冬木,冬木,冬木,冬木,冬木,冬木,冬木,冬木,奥尔良,奥尔良,奥尔良,奥尔良,奥尔良,奥尔良,奥尔良,奥尔良,奥尔良,奥尔良,七丘之城,七丘之城,七丘之城,七丘之城,七丘之城,七丘之城,七丘之城,七丘之城,七丘之城,七丘之城,七丘之城,俄刻阿诺斯,俄刻阿诺斯,俄刻阿诺斯,俄刻阿诺斯,俄刻阿诺斯,俄刻阿诺斯,俄刻阿诺斯,俄刻阿诺斯,俄刻阿诺斯,俄刻阿诺斯,俄刻阿诺斯,俄刻阿诺斯,伦敦,伦敦,伦敦,伦敦,伦敦,伦敦,伦敦,伦敦,伦敦,合众为一,合众为一,合众为一,合众为一,合众为一,合众为一,合众为一,合众为一,合众为一,合众为一,合众为一,合众为一,合众为一,合众为一,卡美洛,卡美洛,卡美洛,卡美洛,卡美洛,卡美洛,卡美洛,卡美洛,卡美洛,卡美洛,卡美洛,卡美洛,卡美洛,卡美洛,巴比伦尼亚,巴比伦尼亚,巴比伦尼亚,巴比伦尼亚,巴比伦尼亚,巴比伦尼亚,巴比伦尼亚,巴比伦尼亚,巴比伦尼亚,巴比伦尼亚,巴比伦尼亚,巴比伦尼亚,巴比伦尼亚,巴比伦尼亚,新宿,新宿,新宿,新宿,新宿,新宿,新宿,新宿,新宿,新宿,雅戈泰,雅戈泰,雅戈泰,雅戈泰,雅戈泰,雅戈泰,雅戈泰,雅戈泰,雅戈泰,雅戈泰,雅戈泰,雅戈泰,下总国,下总国,下总国,下总国,下总国,下总国,下总国,下总国
关卡,弓超级,弓上级,弓中级,弓初级,枪超级,枪上级,枪中级,枪初级,狂超级,狂上级,狂中级,狂初级,骑超级,骑上级,骑中级,骑初级,术超级,术上级,术中级,术初级,杀超级,杀上级,杀中级,杀初级,剑超级,剑上级,剑中级,剑初级,X-A（宅邸残迹）,X-B（爆炸中心地）,X-C（大桥）,X-D（鲜红港口）,X-E（骸骨彷徨的教会）,X-F（烧尽崩塌的校舍）,X-G（熊熊燃烧的森林）,变动坐标点0号（大空洞）,栋雷米,沃库勒尔,拉沙里泰,汝拉,里昂,马赛,蒂耶尔,波尔多,奥尔良,巴黎,亚壁街道,罗马,埃特纳火山,佛罗伦萨,梅迪奥兰,日耳曼尼亚,玛西格利亚,高卢,不列颠尼亚,有形之岛,联军首都,海盗船,海盗岛,王者的居岛,地图上标记的岛,暗礁海域,潮眼之海,翼龙之岛,火山臼之岛,暴风雨海域,群岛（寂静的入海口）,群岛（隐秘之岛）,丰硕之海,旧街,白色教堂,伦敦城,苏活区,威斯敏斯特,摄政公园,克勒肯维尔,萨瑟克,海德公园,布拉克山,里弗顿,丹佛,德明,达拉斯,阿尔卡特拉斯岛,得梅因,蒙哥马利,拉伯克,亚历山德里亚,卡尼,夏洛特,华盛顿,芝加哥,沙尘暴的沙漠,黎明的沙丘,死之荒野,东之村,圆桌要塞,晚钟庙,西之村遗迹,阿特拉斯院,圣都正门,圣都市街,隐秘之村,王城,无之大地,大神殿,都バビロン,北の高台,\い杉の森,高原,湿原,ウル,エリドゥ,Qy所,の原,クタ,北壁,ニップル,エビフ山,r血神殿,代々木二丁目,国道20号,新宿k,新宿四丁目,歌舞伎町,バレルタワ`,パ`ティ会,タワ`最上A,新宿御苑,新宿二丁目,地底平原,野拥,川xの町,桃源_,イ`ス,北の断崖,不夜城,山裾の密林,om城,地底大河,エルドラド,大地の裂け目,田んぼ,里,庵,城下町,合,土莩,Y山,荒川の原
AP,40.00 ,30.00 ,20.00 ,10.00 ,40.00 ,30.00 ,20.00 ,10.00 ,40.00 ,30.00 ,20.00 ,10.00 ,40.00 ,30.00 ,20.00 ,10.00 ,40.00 ,30.00 ,20.00 ,10.00 ,40.00 ,30.00 ,20.00 ,10.00 ,40.00 ,30.00 ,20.00 ,10.00 ,3.00 ,4.00 ,4.00 ,5.00 ,5.00 ,6.00 ,15.00 ,7.00 ,7.00 ,7.00 ,7.00 ,7.00 ,7.00 ,7.00 ,7.00 ,7.00 ,8.00 ,13.00 ,9.00 ,9.00 ,9.00 ,9.00 ,9.00 ,15.00 ,9.00 ,9.00 ,10.00 ,9.00 ,10.00 ,12.00 ,13.00 ,13.00 ,13.00 ,17.00 ,14.00 ,14.00 ,17.00 ,15.00 ,15.00 ,16.00 ,18.00 ,15.00 ,15.00 ,15.00 ,16.00 ,16.00 ,16.00 ,18.00 ,19.00 ,20.00 ,17.00 ,17.00 ,17.00 ,17.00 ,17.00 ,18.00 ,18.00 ,18.00 ,18.00 ,18.00 ,18.00 ,20.00 ,20.00 ,21.00 ,19.00 ,19.00 ,19.00 ,19.00 ,19.00 ,19.00 ,20.00 ,20.00 ,20.00 ,20.00 ,21.00 ,21.00 ,22.00 ,22.00 ,20.00 ,20.00 ,20.00 ,20.00 ,21.00 ,21.00 ,21.00 ,21.00 ,21.00 ,21.00 ,21.00 ,21.00 ,21.00 ,21.00 ,20.00 ,20.00 ,21.00 ,21.00 ,21.00 ,21.00 ,21.00 ,21.00 ,21.00 ,21.00 ,20.00 ,20.00 ,20.00 ,21.00 ,21.00 ,21.00 ,21.00 ,21.00 ,21.00 ,21.00 ,21.00 ,21.00 ,20.00 ,21.00 ,21.00 ,21.00 ,21.00 ,21.00 ,21.00 ,21.00 
样本数,5453.00 ,589.00 ,421.00 ,1190.00 ,4602.00 ,911.00 ,235.00 ,1056.00 ,2328.00 ,338.00 ,485.00 ,748.00 ,2498.00 ,642.00 ,521.00 ,650.00 ,8997.00 ,1128.00 ,767.00 ,1928.00 ,5274.00 ,683.00 ,375.00 ,895.00 ,3982.00 ,3371.00 ,330.00 ,816.00 ,1734.00 ,108.00 ,4559.00 ,1840.00 ,665.00 ,254.00 ,9043.00 ,131.00 ,42.00 ,76.00 ,130.00 ,89.00 ,282.00 ,1372.00 ,167.00 ,245.00 ,245.00 ,152.00 ,58.00 ,61.00 ,291.00 ,223.00 ,186.00 ,564.00 ,149.00 ,592.00 ,61.00 ,33.00 ,66.00 ,3377.00 ,225.00 ,55.00 ,281.00 ,1076.00 ,924.00 ,836.00 ,1462.00 ,1540.00 ,79.00 ,418.00 ,3184.00 ,140.00 ,280.00 ,141.00 ,97.00 ,100.00 ,141.00 ,1110.00 ,3167.00 ,4460.00 ,87.00 ,216.00 ,119.00 ,2982.00 ,2894.00 ,167.00 ,1411.00 ,1033.00 ,163.00 ,530.00 ,276.00 ,5632.00 ,321.00 ,2802.00 ,2116.00 ,238.00 ,3447.00 ,489.00 ,401.00 ,965.00 ,359.00 ,363.00 ,1731.00 ,5663.00 ,875.00 ,4204.00 ,1562.00 ,850.00 ,1330.00 ,188.00 ,98.00 ,488.00 ,702.00 ,1184.00 ,2760.00 ,1286.00 ,3017.00 ,1158.00 ,420.00 ,453.00 ,3426.00 ,1359.00 ,80.00 ,96.00 ,3235.00 ,1041.00 ,290.00 ,1652.00 ,360.00 ,295.00 ,5885.00 ,3840.00 ,531.00 ,82.00 ,514.00 ,1057.00 ,230.00 ,67.00 ,68.00 ,170.00 ,1416.00 ,1226.00 ,42.00 ,262.00 ,61.00 ,153.00 ,433.00 ,1159.00 ,453.00 ,455.00 ,1663.00 ,167.00 
井盖,224.20 ,294.50 ,240.60 ,90.80 ,203.10 ,186.90 ,223.80 ,85.20 ,168.20 ,202.80 ,312.90 ,90.60 ,,,,,,,,,,,,,204.70 ,212.90 ,185.70 ,90.20 ,,,,,,,,,36.80 ,,130.00 ,,34.00 ,23.70 ,,,,,32.60 ,45.80 ,,30.40 ,30.40 ,,63.90 ,55.50 ,,,73.30 ,20.10 ,24.80 ,37.60 ,,,56.00 ,,,,79.00 ,,,,,,,,,,,,,44.80 ,,,24.90 ,37.60 ,,28.90 ,29.60 ,40.50 ,35.50 ,41.80 ,46.10 ,,,,,,50.10 ,,,,,58.20 ,,,,,,,,,,,,,,,,,,,,,,,,,,,,,,,,,58.90 ,,,,69.10 ,,,,,,,,,,,
凶骨,,,65.30 ,40.20 ,,,109.30 ,38.50 ,,,,,,,,,,,,,,,,,,,,41.60 ,40.30 ,39.30 ,21.70 ,24.60 ,28.20 ,31.10 ,23.40 ,,,177.30 ,,,,,,,50.30 ,79.00 ,,,,,,27.30 ,,,,49.50 ,,,,,,47.00 ,,,,,,,,,,,,,,46.10 ,68.60 ,56.20 ,,,,,,,,,,,,,,,29.50 ,,,,,,,,,,,,,,,,,,,,,,,,,,,,,,,,,,,,,,,,,,,,,,,,,,,,,,53.10 ,,,
龙牙,,,1636.00 ,282.60 ,,,,,,,,,85.60 ,67.80 ,76.60 ,58.40 ,,,,,273.50 ,335.90 ,105.60 ,86.90 ,,,,276.90 ,,,,,,,,61.10 ,,66.50 ,56.90 ,89.00 ,,,40.30 ,,78.40 ,89.80 ,,,,,,,,,,,,,,,34.50 ,,,27.90 ,,,118.50 ,,,,,,,,,,,,,,,27.10 ,,,,,,,,,,,,,,42.80 ,,,,,,,,,,,,,,,,,32.50 ,,,,,,,,,,,,,,,,,,46.20 ,,,,,,,39.70 ,,,,,,,,,,,,
煤灰,164.60 ,135.90 ,161.90 ,181.10 ,171.50 ,144.60 ,151.60 ,159.80 ,172.00 ,166.20 ,107.80 ,240.00 ,236.20 ,243.80 ,131.00 ,324.00 ,162.90 ,134.40 ,95.00 ,67.60 ,208.10 ,218.00 ,108.70 ,90.40 ,174.20 ,152.50 ,124.50 ,233.10 ,,,,,110.80 ,66.30 ,,101.90 ,,,,103.80 ,121.20 ,,107.10 ,,85.20 ,109.80 ,174.00 ,,,,,,47.90 ,108.70 ,,148.50 ,110.00 ,,112.50 ,143.00 ,81.20 ,,,,,,69.70 ,,,,210.00 ,,129.30 ,100.00 ,,,,,,50.30 ,119.00 ,,,130.70 ,131.70 ,119.60 ,,,,31.40 ,,,,,,,,,40.80 ,,,,,127.90 ,,,,,,,,,,,,,,,,,,80.00 ,,,73.40 ,,74.10 ,,,,,,,,57.50 ,,71.40 ,,,,98.00 ,,,68.40 ,,,72.60 ,69.20 ,78.40 ,66.20 
愚锁,,,,,,,,,,,,,,,,,,,,,,,,,,,,,,,,,,,,,,,,,,,,,,,,,,,,,,,,,,,,,,,,,,,,,,,,,,,,,,,,,,,,,,,,,,,,,,,29.80 ,,,,,,,,69.90 ,,,52.10 ,,,,,,,,,,,,,,,,,,,,,,,,,,,,,,64.00 ,59.50 ,,,,,,,,,,,,,
毒针,,,,,,,,,,,,,,,,,,,,,,,,,,,,,,,,,,,,,,,,,,,,,,,,,,,,,,,,,,,,,,,,,,,,,,,,,,,,,,,,,,,,,,,,,,,,,,,,,,,,,,,,,,,,,,37.40 ,52.70 ,,,,33.20 ,,48.70 ,58.40 ,,,,,,,,,,,,,,,,,,,,,,,,,,,,,,,,
l液,,,,,,,,,,,,,,,,,,,,,,,,,,,,,,,,,,,,,,,,,,,,,,,,,,,,,,,,,,,,,,,,,,,,,,,,,,,,,,,,,,,,,,,,,,,,,,,,,,,,,,,,,,,,,,,,,,,,,,,,,51.60 ,44.70 ,32.40 ,54.40 ,,,82.20 ,,65.70 ,,,,,,,,,,,,,,,,,,,,,
核桃,212.60 ,205.50 ,145.20 ,,159.90 ,153.50 ,204.30 ,,,,,,,,,,,,,,130.60 ,157.60 ,243.30 ,,153.60 ,124.90 ,169.20 ,,,,,,,,,,,,,311.50 ,,,,68.60 ,,,,,,,,,,,101.70 ,,,,,,,,,,104.50 ,,,,58.50 ,,,,,,,,,,,,,,,,203.20 ,,,,,,,,,,,,,,,,,,,,,,39.20 ,91.00 ,57.60 ,75.10 ,,71.40 ,,,,,,,88.70 ,88.40 ,,,,,,,,,,,,63.60 ,55.30 ,,,,,142.60 ,,75.20 ,80.20 ,,61.00 ,56.40 ,,,,,,
鬼灯,,,,,,,,,,,,,,,,,,,,,210.20 ,189.70 ,934.30 ,344.20 ,,,,,,,,,,,,,,,,,,,,,,,,,84.50 ,,,,,,,,,,,,,,,,,67.30 ,,,,,,,,,,,,,,,,,,,,,,,,,,,,,,,,57.70 ,,,,,,,,,,,,,,,,,,52.80 ,,,,,,,,,,,,,,,,,,,,,,,,,,,174.30 ,,78.40 ,,,,,
八连,,,,,,,,,256.30 ,225.30 ,156.50 ,193.90 ,,,,,,,,,,,,,,,,,,,,,,,,,,,,,,,,,,,,,,,,,,123.90 ,,,330.00 ,,,,,,125.60 ,,,,,,,,,,,,,,,,,,,,,,,,,,,,,,,,,,,,,,,74.00 ,,,,,,,,,,,,,,,,,,,,,,,,,,,,,,,,52.00 ,,,,,,,,,,,,,,,83.90 ,
蛇玉,,,,,,,,,,,,,,,,,161.00 ,134.60 ,140.70 ,124.40 ,,,,,,,,,,,,,,,,,,,,,,,,,,,,,,,,,,,,,,,,,,106.30 ,,,,,,,,,,,,,,,,,,,,,,,,,,,,,,,,167.50 ,,,,,,,,,,,,,,,,,78.40 ,,,,,,,,,,,,,,,,,,,,,,,,,,,,,,,57.90 ,,,,,,,,
羽毛,205.60 ,360.60 ,1684.00 ,,354.20 ,317.80 ,,,,,,,,,,,,,,,,,,,383.80 ,175.90 ,,,,,,,,,,,,,,,,,,,,,,,,,,,,,,,,,,,,,,,,,,,193.00 ,,,,,,,,,,,,,,,,,,,,,,,,,,,,,,,,,,,,,,,,,,,,,,,,,,,,,,,,,,,,,,,175.00 ,88.60 ,,,,,142.60 ,,70.50 ,,,,,,,,,,
齿轮,,,,,,,,,,,,,,,,,,,,,5645.40 ,168.00 ,208.30 ,107.80 ,188.10 ,209.80 ,194.10 ,207.40 ,,,,,,,,,,,,,,,,,,,,,,,,,,,,,,,,,,,,,,,,,,131.30 ,113.50 ,,221.70 ,,173.50 ,64.70 ,,,105.60 ,,134.90 ,,,,,,,,,,,50.70 ,,,,,,,,91.90 ,,,,,,,,,,,,,,,,,,,,,,,,,74.30 ,45.10 ,100.80 ,91.10 ,,,,,,,,,,,,,,,,,,,,,,
书页,,,,,,,,,,,,,,,,,193.00 ,192.60 ,222.10 ,211.90 ,,,,,,,,,,,,,,,,,,,,,,,,,,,,,,,,,,,,,,,,,,,,,,,,,,,,,,,451.20 ,,,72.50 ,,,,,,,,,,,,,,,,,,,,,,279.20 ,,,,,,,,,,,,,,,,,,,,,,,,,,,,,,68.00 ,,,,,,,,,,,,,,,,,,,,
血瓶,,,,,187.40 ,164.60 ,204.30 ,245.00 ,,,,,,,,,,,,,,,,,,,,,,,,,,,,,,,,,,,,,,,,,,,,,,,,,,,,,,,,,,,,,,,,124.40 ,141.10 ,123.10 ,,,61.90 ,,,,,,,,,,,,,,,,,,,,,,,,,,,,,,,,,,,,,,,,,,,,,,,,,,,,,,,,,,,,,,,,,,,,,,,,,
蹄铁,199.60 ,232.50 ,183.00 ,202.90 ,,,,,,,,,192.50 ,201.70 ,186.10 ,190.60 ,,,,,,,,,,,,,,,,,,,,,,,,,,,,,,,,,,,,,,,,,,,,,,,,,136.60 ,,,,,,,,,,,,,,,,,,,,,,,,,,,,,,,,,,,,,,,,50.60 ,,,,,,,,,,,,,,,,,,,,,,,,,,,,,,,,,,,,,,,,,,,,,
勋章,,,,,,,,,,,,,,,,,,,,,,,,,,,,,,,,,,,,,,,,,,,,,,,,,,,,,,,,,,,,,,,,,,,,,,,,,,,,,,,,,,,,,,,,,,,,,,,,,100.30 ,,,,62.50 ,,,57.00 ,,,,,,,,,,,,,,,,,,,,,,,,,,,,,,,,,,,,,,,,,,,,,,
贝壳,,,,,,,,,,,,,,,,,,,,,,,,,191.20 ,195.20 ,188.60 ,207.00 ,,,,,,,,,,,,,,,,,,,,,,,,,,,,,,,,,,,,,,,,57.20 ,,,,,,,,,,,,,,,,,,,,,,,,,,,,,,,,,,,,,,,,,,,,,,51.30 ,,,,,,,,,,,,,,,,,,,,,,,,,,,,,,,,,,,,
勾玉,,,,,,,,,,,,,,,,,,,,,,,,,,,,,,,,,,,,,,,,,,,,,,,,,,,,,,,,,,,,,,,,,,,,,,,,,,,,,,,,,,,,,,,,,,,,,,,,,,,,,,,,,,,,,,,,,,,,,,,,,,,,,,,,,,,,,,,,,,,,,,,,71.40 ,89.10 ,49.30 ,104.50 ,81.00 ,103.00 ,109.60 
爪子,,,,,,,,,479.20 ,422.50 ,570.60 ,,,,,,,,,,,,,,,,,,,,,,,,,,,,,,,,,,,,,,,,,497.60 ,,,,,,,,,,,,,,,,,,,,,,,,,,,,,,,,,88.50 ,,,,,,,,,,,,,,,,,,,,,,,,,,,109.10 ,,,,,,,,,,,,108.20 ,,,,,,,101.10 ,,,,,,,,,,,,,,,,,,,
心脏,,,,,,,,,,,,,,,,,628.80 ,818.00 ,,,,,,,,,,,,,,,,,,,,,,,,,,,,,,,,,,,,,,,,,,,,,,,,,,,,,,,,,,,,,,,,,,,,,,,,,,,,,,,,,,,,,,,,,,,,,,,,,,,,,,,,,,,,,,,170.20 ,,,,,,,,,,,,,,,,,,,,,
逆鳞,,,,,,,,,,,,,534.30 ,948.00 ,,,,,,,,,,,,,,,,,,,,,,,,,,,,,,,,,,,,,,,,,,,,,,,,,,,,,,,,,,,,,,,,,,,,,,,,,,,,,,,,,,,,,,,,,,,,,,,,,,,,,,,,159.10 ,,,,,,,,,,,,,,,,,,,,,,,,,,,,,,,,
树根,,,,,,,,,,,,,,,,,,,,,,,,,499.50 ,822.20 ,,,,,,,,,,,,,,,,,,,,,,,,,,,,,,,,,,,,,,,,,,,,,,,,,,,,,,,,,,,,,,,,,291.80 ,,,,,,,,,,,163.70 ,,,,,,,,,,,,,,,,,,,,,,,,,,187.70 ,,,,,,,,,,,,,,,,,,,,,,
幼角,,,,,309.50 ,488.00 ,,,,,,,,,,,,,,,,,,,,,,,,,,,,,,,,,,,,,,,,,,,,,,,,,,,,,,,,,,,,,,,,,,,,,,,,,,,,,,,,,,,141.90 ,,,,,,,109.30 ,,,,,,,,,,,,,,,,,,,,,,,,,,,,,,,,,,,,82.00 ,,,,,,,,,,,,,,,,,,
血泪,305.60 ,503.10 ,,,,,,,,,,,,,,,,,,,,,,,,,,,,,,,,,,,,,,,,,,,,,,,,,,,,,,,,,,,,,,,,,,,,,,,,,,,,,,,,,,,,,,173.50 ,,,,,,,,,,,,,,,,,,,,,,,,,,,,,,,,,,,,,,,,,,114.40 ,,,,,,,,,,,,,,,,,,,,
黑脂,,,,,,,,,,,,,,,,,,,,,333.80 ,512.30 ,,,,,,,,,,,,,,,,,,,,,,,,,,,,,,,,,,,,,,,,,,,,,,,,,,,,,,,,,,,,,,,,,146.70 ,,,,,,,,,,,,,,,,,,,,,89.50 ,,,,,,,,,,,,,,,,,,,,,,,,,,,,87.90 ,,,,,,,,,,,,,,
神灯,,,,,,,,,,,,,,,,,,,,,,,,,,,,,,,,,,,,,,,,,,,,,,,,,,,,,,,,,,,,,,,,,,,,,,,,,,,,,,,,,,,,,,,,,,,,,,155.90 ,,,,,,,,,121.70 ,,,,,,,,,,,,,,,,,,,,,,,,,,,,,,,,,,,,,,,,,,,,,,,
甲虫,,,,,,,,,,,,,,,,,,,,,,,,,,,,,,,,,,,,,,,,,,,,,,,,,,,,,,,,,,,,,,,,,,,,,,,,,,,,,,,,,,,,,,,,,,,,,259.40 ,,,,,,,,,,,,,203.30 ,,,,,,,,,,,,,,,,,,,,,,,,,,,,,,,,,,,,,,,,,,,,
原毛,,,,,,,,,,,,,,,,,,,,,,,,,,,,,,,,,,,,,,,,,,,,,,,,,,,,,,,,,,,,,,,,,,,,,,,,,,,,,,,,,,,,,,,,,,,,,,,,,,,,,,,,,,,,,245.00 ,,,,,,,,191.70 ,,,108.00 ,,,,,,,,,,,,,,,,,,,,,,,,,,,,,,
胆石,,,,,,,,,,,,,,,,,,,,,,,,,,,,,,,,,,,,,,,,,,,,,,,,,,,,,,,,,,,,,,,,,,,,,,,,,,,,,,,,,,,,,,,,,,,,,,,,,,,,,,,,,,,,,,,,,,,,,,,173.40 ,,,,,,,,,,,,,,,,,,,,,,,,,,,,,,,350.70 
神酒,,,,,,,,,,,,,,,,,,,,,,,,,,,,,,,,,,,,,,,,,,,,,,,,,,,,,,,,,,,,,,,,,,,,,,,,,,,,,,,,,,,,,,,,,,,,,,,,,,,,,,,,,,,,,,,,,,,,,,,,,,,,,,,,,,,,,,,,,,,166.10 ,,,,,,,,,207.70 ,,
剑之辉石,,,,,,,,,,,,,,,,,,,,,,,,,166.90 ,116.60 ,18.80 ,8.00 ,17.20 ,36.00 ,19.40 ,21.60 ,30.00 ,52.60 ,143.00 ,305.70 ,58.80 ,88.70 ,,47.90 ,30.80 ,35.10 ,,100.90 ,,,43.50 ,39.20 ,,223.00 ,57.70 ,108.50 ,134.10 ,,38.10 ,,330.00 ,62.40 ,,,51.50 ,,,,44.30 ,,47.40 ,32.50 ,110.10 ,,,,,,70.50 ,83.50 ,,,,111.30 ,,,,501.00 ,,,83.80 ,187.20 ,132.00 ,,154.60 ,,187.60 ,,,,181.50 ,,,,,392.20 ,,,,,,,,,,,,56.80 ,,,,,,,,,,,,,,,,,,,51.90 ,,,,,,,,36.80 ,,,,,,77.70 ,,,
弓之辉石,188.50 ,162.10 ,14.70 ,7.40 ,,,,,,,,,,,,,,,,,,,,,,,,,,,,25.00 ,51.20 ,35.40 ,300.40 ,114.60 ,,,,,,,,,,109.80 ,74.60 ,,,42.70 ,,325.40 ,,102.50 ,,99.00 ,60.00 ,46.70 ,47.20 ,119.20 ,70.30 ,64.40 ,73.90 ,,,,,,2196.80 ,,,,,,,,127.20 ,,40.00 ,459.00 ,63.20 ,,165.10 ,,,55.30 ,195.60 ,445.70 ,,211.10 ,336.50 ,92.00 ,171.20 ,,,,,,,128.90 ,,,,,240.80 ,,,,,,1596.00 ,,,,,,,,,,,160.00 ,105.50 ,,,,155.80 ,,,,,,,,,,,119.00 ,,55.10 ,,,,,,,,,,
枪之辉石,,,,,208.40 ,182.20 ,17.20 ,8.60 ,,,,,,,,,,,,,,,,,,,,,,25.40 ,26.70 ,,,,76.80 ,,73.50 ,,47.90 ,41.50 ,58.10 ,28.00 ,,24.20 ,115.30 ,,104.40 ,61.00 ,,143.40 ,38.00 ,145.90 ,89.40 ,65.00 ,32.10 ,297.00 ,,,,,,,,,,,,,79.20 ,,,24.90 ,221.70 ,55.20 ,,,60.00 ,111.10 ,,282.50 ,,,65.00 ,69.90 ,,,,208.00 ,137.70 ,203.80 ,440.00 ,,179.30 ,,,,93.10 ,,,,,203.50 ,,,,,,,,110.90 ,77.60 ,,,,46.20 ,,77.10 ,67.90 ,,,,,,,,,,,,,,50.00 ,,,,,,,,,,,101.70 ,132.30 ,,,,,,
骑之辉石,,,,,,,,,,,,,172.50 ,125.90 ,21.30 ,8.40 ,,,,,,,,,,,,,,,,,,,,,,40.90 ,19.40 ,38.90 ,,,16.50 ,,59.40 ,219.60 ,,,,,,,,,,,,,,,,,,32.90 ,47.30 ,,,,,,,,,,,,,,,,,43.60 ,,,,,,,,,,,,,,47.70 ,,,,,,,,,145.80 ,,44.00 ,77.30 ,61.30 ,74.50 ,,,59.30 ,,,,,,,137.60 ,,,,,,,,,,,67.90 ,,,,46.30 ,,,76.10 ,77.40 ,,,,,,,,,,,
术之辉石,,,,,,,,,,,,,,,,,367.00 ,633.50 ,20.70 ,8.00 ,,,,,,,,,,,,,,,,,,,,,,,,,,,,,,,,,,,,,,,,,,103.20 ,,,,,,,,,,,,,141.00 ,,,226.10 ,,,,,,,,,,,,472.70 ,261.00 ,,,119.10 ,,,,,,,,,,,,,,,,,,,,,,,,,,,51.60 ,,,86.80 ,,,,,51.90 ,284.00 ,,,,,,,,,,,,,,,,,,,,
杀之辉石,,,,,,,,,,,,,,,,,,,,,250.60 ,189.70 ,23.90 ,7.60 ,,,,,,,,,,,,36.70 ,,,,77.90 ,,,,29.10 ,,,,,29.40 ,,,,,,50.80 ,,,,,,,,,,,29.30 ,,,,25.30 ,34.80 ,,221.70 ,,,243.70 ,,,,,,,,,,,,,,,,,,,96.90 ,,,39.70 ,47.90 ,,,,196.10 ,,,803.70 ,,,,,,,,,,61.80 ,,,,,,,,,,,,,,,,,,,,,,,,,,,64.20 ,,46.60 ,,,,,
狂之辉石,,,,,,,,,238.70 ,187.80 ,16.20 ,7.60 ,,,,,,,,,,,,,,,,,,,,,,,,,,,,,,,,,,,,,,,,,,59.90 ,,,110.00 ,,86.00 ,102.10 ,,,77.90 ,,,,,,,,,,,,,,,,,,,,,,,,,,,,,,,,128.30 ,,,,,,,,436.30 ,,,176.00 ,,,,,,,,,,,,,,,,,,,,,,,,,,,,63.40 ,,,,,,,,,,,,,,,,
剑之魔石,,,,,,,,,,,,,,,,,,,,,,,,,33.70 ,22.30 ,24.30 ,,,,,,,,,,,,,,,,,,,,,,,,,,,,,,,,,,,,,,,,,418.00 ,,,,,,,173.50 ,,,,,,,,,,,,,,,,,,,,,,141.40 ,,,,243.20 ,,,84.00 ,,,,,,,,235.10 ,,228.00 ,,,,,,,,,,,,,,,,,,,146.90 ,,,,,,,,,,,105.80 ,80.30 ,51.10 ,159.90 ,92.30 ,86.60 ,100.20 
弓之魔石,33.20 ,19.40 ,55.80 ,,,,,,,,,,,,,,,,,,,,,,,,,,,,,,,,,,,,,,,,,,,,,,,,,,,,,,,,,,,,,,,,,,186.30 ,,,,,,,,,,,,224.80 ,,,,,,,267.40 ,,,,130.70 ,,,,,,,,94.70 ,432.10 ,,,,,,,,,,137.90 ,,,,,,,,,,,213.30 ,86.60 ,,,,202.10 ,,,251.40 ,,,,,,,,210.00 ,,,,,,,,,,,,
枪之魔石,,,,,33.20 ,20.40 ,30.30 ,,,,,,,,,,,,,,,,,,,,,,,,,,,,,,,,,,,,,,,,,,,,,,,,,,,,,,,,,,,,,,349.90 ,,,1057.50 ,776.00 ,266.70 ,,,179.20 ,,,,,,,,,,,,243.70 ,,,,,,,178.70 ,224.60 ,,,,202.50 ,,,,,,,,,,,,,,,,,,,,,,,,,,,,,,,100.00 ,,,,,,,,154.50 ,,,,,,,,,,
骑之魔石,,,,,,,,,,,,,43.00 ,25.10 ,21.70 ,,,,,,,,,,,,,,,,,,,,,,,,,,,,,,108.90 ,197.60 ,,,,,,,,,,,,,,,,,,245.30 ,,,,,,,,,,,,,,,,,,281.50 ,,,,,,,,,,,,,,,,,,,,,,,431.90 ,,,,280.00 ,,,,98.60 ,,,,297.40 ,,,135.50 ,,,,,,,,,,,,,,,,,,382.70 ,,,,,,,,,,,,
术之魔石,,,,,,,,,,,,,,,,,44.20 ,17.40 ,25.90 ,84.90 ,,,,,,,,,,,,,,,,,,,,,,,,,,,,,,,,,,,,,,,,,,75.70 ,,,,,,,,,,,,,,,,131.50 ,,,,,,,,,,,,,,,,43.00 ,,,,,,118.10 ,,,334.80 ,,,,,,,,,,,,,,,,,,,,,,,,,,,110.40 ,,,,,,,,,,,,39.90 ,,,,,,,,
杀之魔石,,,,,,,,,,,,,,,,,,,,,33.70 ,20.20 ,18.20 ,,,,,,,,,,,,,,,,,,,,,,,,,,,,,,,,,,,,,,,,,,,,,,,,365.60 ,,517.30 ,,,124.40 ,,,,,,,,,190.60 ,,195.60 ,,,,,,,,,,,625.20 ,,,,,,,458.80 ,,,377.50 ,,,,228.10 ,,,,180.20 ,,,,,,,,,60.30 ,49.00 ,178.00 ,71.00 ,,,,,,,,56.30 ,52.90 ,,,,,,,,,,,,,
狂之魔石,,,,,,,,,34.50 ,22.20 ,29.90 ,,,,,,,,,,,,,,,,,,,,,,,,,,,,,,,,,,,,,,,,,196.70 ,,,,,,,,,,,308.00 ,,,,,,,,,,,,,,,,,,,,,,213.90 ,,,,,,,,,,,,,,,,,,,,,,,,,,,82.40 ,,,,,,,83.60 ,,,,,,,,,,,,,,,264.40 ,,,,,,,,,,,,,,,243.70 ,
剑之秘石,,,,,,,,,,,,,,,,,,,,,,,,,139.70 ,581.20 ,,,,,,,,,,,,,,,,,,,,,,,,,,,,,,,,,,,,,,,,,,,,,,,,,,,,,,,,,,,,,,,,,635.60 ,,,,,,,,,,,662.30 ,,,,,,,,,,,,,,,,,,,,,,,,,,407.40 ,,,,,489.50 ,,,,,,,,,,,,,,,,,
弓之秘石,133.90 ,188.00 ,,,,,,,,,,,,,,,,,,,,,,,,,,,,,,,,,,,,,,,,,,,,,,,,,,,,,,,,,,,,,,,,,,,,,,,,,,,,,,,,,,,,,,,,,,521.70 ,,,,,,,,,,,,,627.60 ,,,,,,,,,,,,,,,,,,,,,,,,,,,,,,,,,,437.50 ,,,,,,,,,,,
枪之秘石,,,,,145.30 ,171.90 ,,,,,,,,,,,,,,,,,,,,,,,,,,,,,,,,,,,,,,,,,,,,,,,,,,,,,,,,,,,,,,,,,,,,,,,,,,,,,,,,,,,,,,,,,,,,,,,,,,,,,,,,,,,,,,,,,,,,,,,,,,,,,,,,,,,,,,462.80 ,,,,,,,,682.50 ,,
骑之秘石,,,,,,,,,,,,,97.40 ,114.60 ,,,,,,,,,,,,,,,,,,,,,,,,,,,,,,,,,,,,,,,,,,,,,,,,,,,,,,,,,,,,,,,,,,,,,,,,,,,,,,,,,,,,,,,,,,,286.80 ,,,,,,,,,,,,,725.50 ,,,,,,,,,,,,,,,,,,,,,,,,,,,,,,,,
术之秘石,,,,,,,,,,,,,,,,,51.70 ,132.80 ,,,,,,,,,,,,,,,,,,,,,,,,,,,,,,,,,,,,,,,,,,,,,,,,,,,,,,,,,,,,634.30 ,,,,,,,,,,,,,,,526.20 ,,,,,,,,,,2649.50 ,,,271.90 ,,,,,,,,,,,,,,,,,,,,,,,438.10 ,681.20 ,,,,,,,,,,,,518.70 ,,,,,,,,
杀之秘石,,,,,,,,,,,,,,,,,,,,,154.40 ,202.90 ,,,,,,,,,,,,,,,,,,,,,,,,,,,,,,,,,,,,,,,,,,,,,,,,,,,,,,472.10 ,,,,,,,,,,,,,,,,,,,,,,,,,,,,,,,,,,,,,,,,,,,,,,,,,,,,,,,,,,,,,,,,,,,,,,,,,,
狂之秘石,,,,,,,,,171.30 ,187.80 ,,,,,,,,,,,,,,,,,,,,,,,,,,,,,,,,,,,,,,,,,,,,,,,,,,,,,,,,,,,,,,,,,,,,,,,,,,,,,,,,,,,,,,,,,,,,242.50 ,,,,,,,,,,,,,,,,,536.60 ,,,,,464.90 ,,,,,,,440.00 ,,,669.90 ,,,,,,,,,,,,,,,,389.70 
剑阶银棋,,,,,,,,,,,,,,,,,,,,,,,,,55.30 ,30.10 ,29.30 ,45.60 ,,,,,,,,101.90 ,,,,,,,,,,658.70 ,,,,,,,,96.90 ,,,,,,,,,,,,,,,,,,,,,,,,,,,,,,,,,,,,,,,,,,,,,,,,,,212.80 ,,,,,,,,,,,,,,,,,,,,,,,,,,,,,,,,,,,,,,,,,,,,,,
弓阶银棋,49.90 ,29.00 ,29.80 ,46.70 ,,,,,,,,,,,,,,,,,,,,,,,,,,,,,,,,,,,,,,,,,,494.00 ,,,,,,,,,,,,,,,,,,,,,,,,,,,,,,,,,,,,,,,,171.40 ,,,,,,,,,,,,,,,,,,,,,,,,,,,,,,,,,,,,,,,,,,,,,,,,,,,,,,,,,,,,,,,,
枪阶银棋,,,,,52.00 ,30.30 ,26.60 ,45.30 ,,,,,,,,,,,,,,,,,,,,,,,,,,254.00 ,,,,,,,,,,,,988.00 ,,,,,,,,,,,,,,,,,,,,,,,,,,,,,,,,,,79.80 ,126.40 ,,,,172.50 ,,,,,203.80 ,,,,,,,,,,,,,,,,,,,,,,,,,,,,,,,,,,,,,,,,,,,,,,,,,,,,,,,,,,,,
骑阶银棋,,,,,,,,,,,,,51.60 ,29.40 ,29.00 ,46.20 ,,,,,,,,,,,,,,,,,95.00 ,,,,,,,62.30 ,,,,,,,,,,,,,103.20 ,,,,,,139.30 ,,,,,,,,,,,,,,,,,,,,,,,,,,,,,,,,,,,,,,,,,,,,,,,,,,,,,,,,,,,,,,,,,,,,,,,,,,,,,,,,,,,,,,,,,,,
术阶银棋,,,,,,,,,,,,,,,,,49.60 ,31.30 ,23.70 ,30.90 ,,,,,,,,,,,,,,,,,,,,,,,,,70.00 ,,,,,,,,,,,,,,,,,,,,,,118.50 ,,,,,,155.20 ,106.70 ,,,,,,,,,,,,,,,,,,,,,,,,,,,,,,,,,,,,,,,,,,,,,,,,,,,,,,,,,,,,,,,,,,,,,,,,,,,,
杀阶银棋,,,,,,,,,,,,,,,,,,,,,49.50 ,29.50 ,28.60 ,35.70 ,,,,,,,,,,108.90 ,,,,,,,47.00 ,,,,,,,,,,,,,,,,,,,,,,,,,,,,,,182.60 ,,,,,,,,,,,,,,,,,,,,,,,,,,,,230.80 ,,,,,,,,,,,,,,,,,,,,,,,,,,,,,,,,,,,,,,,,,,,,,,,,,,,
狂阶银棋,,,,,,,,,47.40 ,29.10 ,27.20 ,50.90 ,,,,,,,,,,,,,,,,,,,,,,,,,,,,,,,167.00 ,,,,174.00 ,,,,,,83.80 ,,,74.30 ,66.00 ,,,91.00 ,117.80 ,,,,,,107.70 ,,,,,,,,,,,,,,,,,167.00 ,,,,,,69.80 ,,,,,,,,,,,,,,,,,,,,,,,,,,,,,,,,,,,,,,,,,,,,,,,,,,,,,,,,,,,,
剑阶金像,,,,,,,,,,,,,,,,,,,,,,,,,76.40 ,86.60 ,227.60 ,446.10 ,,,,,,,,,,,,,,,,,,,,,,,,,,,,,,,,,,,,,,,,,,,,,,,,,,,,,,,,,,,,,,,,,,,,,,,,,,,,412.40 ,,,,,,,,,,,,,,,,,,,,,,,,,,,,,,,,,,,,,,,,,,,,,,
弓阶金像,68.70 ,83.00 ,263.10 ,743.80 ,,,,,,,,,,,,,,,,,,,,,,,,,,,,,,,,,,,,,,,,,,,,,,,,,,,,,,,,,,,,,,,,,,,,,,,,,,,,,,,,,,360.00 ,,,,,,,,,,,,,,,,,,,,,,,,,,,,,,,,,,,,,,,,,,,,,,,,,,,,,,,,,,,,,,,,
枪阶金像,,,,,72.90 ,85.10 ,261.10 ,352.00 ,,,,,,,,,,,,,,,,,,,,,,,,,,,,,,,,,,,,,,,,,,,,,,,,,,,,,,,,,,,,,,,,,,,,,,,,204.00 ,161.50 ,,,,436.20 ,,,,,483.40 ,,,,,,,,,,,,,,,,,,,,,,,,,,,,,,,,,,,,,,,,,,,,,,,,,,,,,,,,,,,,
骑阶金像,,,,,,,,,,,,,68.00 ,75.20 ,357.90 ,483.10 ,,,,,,,,,,,,,,,,,,,,,,,,,,,,,,,,,,,,,,,,,,,2925.00 ,,,,,,,,,,,,,,,,,,,,,,,,,,,,,,,,,,,,,,,,,,,,,,,,,,,,,,,,,,,,,,,,,,,,,,,,,,,,,,,,,,,,,,,,,,,
术阶金像,,,,,,,,,,,,,,,,,70.50 ,93.30 ,255.90 ,507.40 ,,,,,,,,,,,,,,,,,,,,,,,,,,,,,,,,,,,,,,,,,,,,,,,592.50 ,,,,,,1552.00 ,320.00 ,,,,,,,,,,,,,,,,,,,,,,,,,,,,,,,,,,,,,,,,,,,,,,,,,,,,,,,,,,,,,,,,,,,,,,,,,,,,
杀阶金像,,,,,,,,,,,,,,,,,,,,,68.80 ,79.10 ,229.00 ,426.20 ,,,,,,,,,,,,,,,,,,,,,,,,,,,,,,,,,,,,,,,,,,,,,,,600.00 ,,,,,,,,,,,,,,,,,,,,,,,,,,,,696.00 ,,,,,,,,,,,,,,,,,,,,,,,,,,,,,,,,,,,,,,,,,,,,,,,,,,,
狂阶金像,,,,,,,,,70.90 ,75.70 ,293.90 ,632.70 ,,,,,,,,,,,,,,,,,,,,,,,,,,,,,,,,,,,,,,,,,,,,,,,,,587.20 ,,,,,,395.00 ,,,,,,,,,,,,,,,,,1002.00 ,,,,,,174.90 ,,,,,,,,,,,,,,,,,,,,,,,,,,,,,,,,,,,,,,,,,,,,,,,,,,,,,,,,,,,,
剑之猛火,,,,,,,,,,,,,,,,,,,,,,,,,,,,,,,,,,,,,,,,,,,,,,,,,,,,,,,,,,,,,,,,,,,,304.00 ,,,,,,,,,,,,,,,,,,,,,,,22.30 ,,,,,,323.00 ,,,,110.50 ,23.80 ,,84.80 ,,,,,,,,,,189.70 ,,,,,,,,,,,,,,490.00 ,,,,,,,,,,,,,,,,172.50 ,79.50 ,51.70 ,128.60 ,74.00 ,73.60 ,82.80 
弓之猛火,,,,,,,,,,,,,,,,,,,,,,,,,,,,,,,,,,,,,,,,,,,,,,,,,,,,,,,,,,,,,,,,,,,,,,,,,,,,,,,,,,,,,,,,,,,,,,,,,,,,119.50 ,263.80 ,,,,,,,,,,,,,,,,,,,,,,,,,,,,,440.30 ,,,,,,,,,317.30 ,,,,,,,,,,,
枪之猛火,,,,,,,,,,,,,,,,,,,,,,,,,,,,,,,,,,,,,,,,,,,,,,,,,,,,,,,,,,,,,,,,,,,,,,,,,,,,,,,,,,,,,,,,,,,,,,,,,167.20 ,,,,234.40 ,,,,,,,,,,,,,,,,,,,,,,,,,,,,,,,700.00 ,,,,,,,,,,,,,,,,361.70 ,,
骑之猛火,,,,,,,,,,,,,,,,,,,,,,,,,,,,,,,,,,,,,,,,,,,,,,,,,,,,,,,,,,,,,,,,,,,,,,,,,,,,,,,,,,,,,,,,,,,,,,,,,,,,,,,,,,,,,,,,,,,,,317.90 ,309.80 ,,221.20 ,,,,,,,,,,,,,,,,,,,,,,,,,,,,,,
术之猛火,,,,,,,,,,,,,,,,,,,,,,,,,,,,,,,,,,,,,,,,,,,,,,,,,,,,,,,,,,,,,,,,,,,,,,,,,,,,,,,,,,,,,,,,,,,,,21.00 ,24.10 ,,,,,,,,,28.00 ,,,19.60 ,,,,,,,,,,,,,,,,,,,,,,,427.50 ,,,,,,,,,,,,,318.20 ,,,,,,,,
杀之猛火,,,,,,,,,,,,,,,,,,,,,,,,,,,,,,,,,,,,,,,,,,,,,,,,,,,,,,,,,,,,,,,,,,,,,,,,,,,,,,,,,,,,,,,,,,,,,,,,,,,,,,,,,,,,320.00 ,,,,,,,,597.30 ,,,,,,,,,,,,,,,,,,,,,,,,,,,,,,,,,,
狂之猛火,,,,,,,,,,,,,,,,,,,,,,,,,,,,,,,,,,,,,,,,,,,,,,,,,,,,,,,,,,,,,,,,,,,,,,,,,,,,,,,,,,,,,,,,,,,,,,,,,,,,,,,,,,,,,,,,,,,,,,,423.80 ,,,,,405.60 ,,,,,,,298.20 ,,,,,,,,,,,,,,,,,,487.40 ,351.80 
羁绊/AP,15.38 ,13.83 ,13.25 ,11.50 ,15.38 ,13.83 ,13.25 ,11.50 ,15.38 ,13.83 ,13.25 ,11.50 ,15.38 ,13.83 ,13.25 ,11.50 ,15.38 ,13.83 ,13.25 ,11.50 ,15.38 ,13.83 ,13.25 ,11.50 ,15.38 ,13.83 ,13.25 ,11.50 ,8.33 ,8.75 ,8.75 ,11.00 ,15.00 ,15.83 ,27.67 ,16.43 ,16.43 ,16.43 ,16.43 ,19.29 ,19.29 ,19.29 ,19.29 ,19.29 ,19.38 ,24.23 ,19.44 ,19.44 ,19.44 ,19.44 ,19.44 ,27.67 ,19.44 ,21.67 ,21.50 ,21.67 ,21.50 ,24.58 ,24.23 ,25.77 ,25.77 ,30.29 ,26.79 ,28.21 ,32.65 ,27.67 ,29.00 ,29.69 ,34.17 ,29.00 ,29.00 ,29.00 ,28.44 ,28.44 ,28.44 ,34.17 ,34.47 ,34.75 ,31.47 ,31.47 ,31.47 ,32.65 ,32.65 ,31.94 ,31.94 ,33.06 ,34.17 ,34.17 ,34.17 ,35.75 ,37.25 ,36.90 ,33.42 ,33.42 ,34.47 ,34.47 ,35.53 ,35.53 ,33.75 ,34.75 ,35.75 ,35.75 ,37.86 ,38.81 ,37.95 ,38.86 ,36.75 ,36.75 ,36.75 ,36.75 ,35.95 ,35.95 ,35.95 ,36.90 ,36.90 ,37.86 ,37.86 ,38.81 ,38.81 ,38.81 ,36.75 ,36.75 ,35.95 ,35.95 ,36.90 ,36.90 ,37.86 ,37.86 ,38.81 ,38.81 ,36.75 ,36.75 ,36.75 ,35.95 ,35.95 ,35.95 ,36.90 ,36.90 ,37.86 ,37.86 ,38.81 ,38.81 ,36.75 ,35.95 ,35.95 ,36.90 ,36.90 ,37.86 ,37.86 ,38.81 
EXP/AP,392.30 ,189.70 ,69.30 ,27.50 ,392.30 ,189.70 ,69.30 ,27.50 ,392.30 ,189.70 ,69.30 ,27.50 ,392.30 ,189.70 ,69.30 ,27.50 ,392.30 ,189.70 ,69.30 ,27.50 ,392.30 ,189.70 ,69.30 ,27.50 ,392.30 ,189.70 ,69.30 ,27.50 ,1.30 ,3.50 ,3.50 ,4.80 ,12.80 ,20.70 ,303.50 ,31.40 ,31.40 ,31.40 ,31.40 ,42.90 ,42.90 ,42.90 ,42.90 ,42.90 ,49.00 ,134.80 ,56.00 ,56.00 ,56.00 ,56.00 ,56.00 ,303.50 ,56.00 ,70.20 ,76.40 ,70.20 ,76.40 ,107.30 ,134.80 ,172.90 ,172.90 ,479.50 ,238.30 ,280.60 ,577.40 ,303.50 ,347.20 ,413.50 ,697.30 ,347.20 ,347.20 ,347.20 ,368.50 ,368.50 ,368.50 ,697.30 ,765.10 ,832.40 ,527.50 ,527.50 ,527.50 ,577.40 ,577.40 ,594.20 ,594.20 ,644.90 ,697.30 ,697.30 ,697.30 ,887.60 ,973.40 ,1012.20 ,712.00 ,712.00 ,765.10 ,765.10 ,819.80 ,819.80 ,778.80 ,832.40 ,887.60 ,887.60 ,1070.90 ,1131.00 ,1138.50 ,1198.90 ,944.40 ,944.40 ,944.40 ,944.40 ,955.00 ,955.00 ,955.00 ,1012.20 ,1012.20 ,1070.90 ,1070.90 ,1131.00 ,1131.00 ,1131.00 ,944.40 ,944.40 ,955.00 ,955.00 ,1012.20 ,1012.20 ,1070.90 ,1070.90 ,1131.00 ,1131.00 ,944.40 ,944.40 ,944.40 ,955.00 ,955.00 ,955.00 ,1012.20 ,1012.20 ,1070.90 ,1070.90 ,1131.00 ,1131.00 ,944.40 ,955.00 ,955.00 ,1012.20 ,1012.20 ,1070.90 ,1070.90 ,1131.00 
QP/AP,160.00 ,146.70 ,145.00 ,140.00 ,160.00 ,146.70 ,145.00 ,140.00 ,160.00 ,146.70 ,145.00 ,140.00 ,160.00 ,146.70 ,145.00 ,140.00 ,160.00 ,146.70 ,145.00 ,140.00 ,160.00 ,146.70 ,145.00 ,140.00 ,160.00 ,146.70 ,145.00 ,140.00 ,216.70 ,195.00 ,195.00 ,208.00 ,260.00 ,260.00 ,381.30 ,260.00 ,260.00 ,260.00 ,260.00 ,297.10 ,297.10 ,297.10 ,297.10 ,297.10 ,292.50 ,340.00 ,288.90 ,288.90 ,288.90 ,288.90 ,288.90 ,381.30 ,288.90 ,317.80 ,312.00 ,317.80 ,312.00 ,346.70 ,340.00 ,360.00 ,360.00 ,412.90 ,371.40 ,390.00 ,443.50 ,381.30 ,398.70 ,406.30 ,462.20 ,398.70 ,398.70 ,398.70 ,390.00 ,390.00 ,390.00 ,462.20 ,465.30 ,468.00 ,428.20 ,428.20 ,428.20 ,443.50 ,443.50 ,433.30 ,433.30 ,447.80 ,462.20 ,462.20 ,462.20 ,481.00 ,500.50 ,495.20 ,451.60 ,451.60 ,465.30 ,465.30 ,478.90 ,478.90 ,455.00 ,468.00 ,481.00 ,481.00 ,507.60 ,520.00 ,508.20 ,520.00 ,494.00 ,494.00 ,494.00 ,494.00 ,482.90 ,482.90 ,482.90 ,495.20 ,495.20 ,507.60 ,507.60 ,520.00 ,520.00 ,520.00 ,494.00 ,494.00 ,482.90 ,482.90 ,495.20 ,495.20 ,507.60 ,507.60 ,520.00 ,520.00 ,494.00 ,494.00 ,494.00 ,482.90 ,482.90 ,482.90 ,495.20 ,495.20 ,507.60 ,507.60 ,520.00 ,520.00 ,494.00 ,482.90 ,482.90 ,495.20 ,495.20 ,507.60 ,507.60 ,520.00 
肖像1,16.63 ,15.50 ,15.75 ,16.50 ,16.63 ,15.50 ,15.75 ,16.50 ,16.63 ,15.50 ,15.75 ,16.50 ,16.63 ,15.50 ,15.75 ,16.50 ,16.63 ,15.50 ,15.75 ,16.50 ,16.63 ,15.50 ,15.75 ,16.50 ,16.63 ,15.50 ,15.75 ,16.50 ,25.00 ,21.25 ,21.25 ,21.00 ,25.00 ,24.17 ,31.00 ,23.57 ,23.57 ,23.57 ,23.57 ,26.43 ,26.43 ,26.43 ,26.43 ,26.43 ,25.63 ,28.08 ,25.00 ,25.00 ,25.00 ,25.00 ,25.00 ,31.00 ,25.00 ,27.22 ,26.50 ,27.22 ,26.50 ,28.75 ,28.08 ,29.62 ,29.62 ,33.24 ,30.36 ,31.79 ,35.59 ,31.00 ,32.33 ,32.81 ,36.94 ,32.33 ,32.33 ,32.33 ,31.56 ,31.56 ,31.56 ,36.94 ,37.11 ,37.25 ,34.41 ,34.41 ,34.41 ,35.59 ,35.59 ,34.72 ,34.72 ,35.83 ,36.94 ,36.94 ,36.94 ,38.25 ,39.75 ,39.29 ,36.05 ,36.05 ,37.11 ,37.11 ,38.16 ,38.16 ,36.25 ,37.25 ,38.25 ,38.25 ,40.24 ,41.19 ,40.23 ,41.14 ,39.25 ,39.25 ,39.25 ,39.25 ,38.33 ,38.33 ,38.33 ,39.29 ,39.29 ,40.24 ,40.24 ,41.19 ,41.19 ,41.19 ,39.25 ,39.25 ,38.33 ,38.33 ,39.29 ,39.29 ,40.24 ,40.24 ,41.19 ,41.19 ,39.25 ,39.25 ,39.25 ,38.33 ,38.33 ,38.33 ,39.29 ,39.29 ,40.24 ,40.24 ,41.19 ,41.19 ,39.25 ,38.33 ,38.33 ,39.29 ,39.29 ,40.24 ,40.24 ,41.19 
肖像2,17.88 ,17.17 ,18.25 ,21.50 ,17.88 ,17.17 ,18.25 ,21.50 ,17.88 ,17.17 ,18.25 ,21.50 ,17.88 ,17.17 ,18.25 ,21.50 ,17.88 ,17.17 ,18.25 ,21.50 ,17.88 ,17.17 ,18.25 ,21.50 ,17.88 ,17.17 ,18.25 ,21.50 ,41.67 ,33.75 ,33.75 ,31.00 ,35.00 ,32.50 ,34.33 ,30.71 ,30.71 ,30.71 ,30.71 ,33.57 ,33.57 ,33.57 ,33.57 ,33.57 ,31.88 ,31.92 ,30.56 ,30.56 ,30.56 ,30.56 ,30.56 ,34.33 ,30.56 ,32.78 ,31.50 ,32.78 ,31.50 ,32.92 ,31.92 ,33.46 ,33.46 ,36.18 ,33.93 ,35.36 ,38.53 ,34.33 ,35.67 ,35.94 ,39.72 ,35.67 ,35.67 ,35.67 ,34.69 ,34.69 ,34.69 ,39.72 ,39.74 ,39.75 ,37.35 ,37.35 ,37.35 ,38.53 ,38.53 ,37.50 ,37.50 ,38.61 ,39.72 ,39.72 ,39.72 ,40.75 ,42.25 ,41.67 ,38.68 ,38.68 ,39.74 ,39.74 ,40.79 ,40.79 ,38.75 ,39.75 ,40.75 ,40.75 ,42.62 ,43.57 ,42.50 ,43.41 ,41.75 ,41.75 ,41.75 ,41.75 ,40.71 ,40.71 ,40.71 ,41.67 ,41.67 ,42.62 ,42.62 ,43.57 ,43.57 ,43.57 ,41.75 ,41.75 ,40.71 ,40.71 ,41.67 ,41.67 ,42.62 ,42.62 ,43.57 ,43.57 ,41.75 ,41.75 ,41.75 ,40.71 ,40.71 ,40.71 ,41.67 ,41.67 ,42.62 ,42.62 ,43.57 ,43.57 ,41.75 ,40.71 ,40.71 ,41.67 ,41.67 ,42.62 ,42.62 ,43.57 
未满破午餐1,15.68 ,14.10 ,13.50 ,11.70 ,15.68 ,14.10 ,13.50 ,11.70 ,15.68 ,14.10 ,13.50 ,11.70 ,15.68 ,14.10 ,13.50 ,11.70 ,15.68 ,14.10 ,13.50 ,11.70 ,15.68 ,14.10 ,13.50 ,11.70 ,15.68 ,14.10 ,13.50 ,11.70 ,8.33 ,8.75 ,8.75 ,11.20 ,15.20 ,16.00 ,28.20 ,16.71 ,16.71 ,16.71 ,16.71 ,19.57 ,19.57 ,19.57 ,19.57 ,19.57 ,19.75 ,24.69 ,19.78 ,19.78 ,19.78 ,19.78 ,19.78 ,28.20 ,19.78 ,22.00 ,21.90 ,22.00 ,21.90 ,25.00 ,24.69 ,26.23 ,26.23 ,30.88 ,27.29 ,28.71 ,33.29 ,28.20 ,29.53 ,30.25 ,34.83 ,29.53 ,29.53 ,29.53 ,29.00 ,29.00 ,29.00 ,34.83 ,35.16 ,35.40 ,32.06 ,32.06 ,32.06 ,33.29 ,33.29 ,32.56 ,32.56 ,33.67 ,34.83 ,34.83 ,34.83 ,36.45 ,37.95 ,37.62 ,34.05 ,34.05 ,35.16 ,35.16 ,36.21 ,36.21 ,34.40 ,35.40 ,36.45 ,36.45 ,38.57 ,39.57 ,38.68 ,39.64 ,37.45 ,37.45 ,37.45 ,37.45 ,36.67 ,36.67 ,36.67 ,37.62 ,37.62 ,38.57 ,38.57 ,39.57 ,39.57 ,39.57 ,37.45 ,37.45 ,36.67 ,36.67 ,37.62 ,37.62 ,38.57 ,38.57 ,39.57 ,39.57 ,37.45 ,37.45 ,37.45 ,36.67 ,36.67 ,36.67 ,37.62 ,37.62 ,38.57 ,38.57 ,39.57 ,39.57 ,37.45 ,36.67 ,36.67 ,37.62 ,37.62 ,38.57 ,38.57 ,39.57 
满破午餐1,16.90 ,15.20 ,14.55 ,12.60 ,16.90 ,15.20 ,14.55 ,12.60 ,16.90 ,15.20 ,14.55 ,12.60 ,16.90 ,15.20 ,14.55 ,12.60 ,16.90 ,15.20 ,14.55 ,12.60 ,16.90 ,15.20 ,14.55 ,12.60 ,16.90 ,15.20 ,14.55 ,12.60 ,9.00 ,9.50 ,9.50 ,12.00 ,16.40 ,17.33 ,30.40 ,18.00 ,18.00 ,18.00 ,18.00 ,21.14 ,21.14 ,21.14 ,21.14 ,21.14 ,21.25 ,26.62 ,21.33 ,21.33 ,21.33 ,21.33 ,21.33 ,30.40 ,21.33 ,23.78 ,23.60 ,23.78 ,23.60 ,27.00 ,26.62 ,28.31 ,28.31 ,33.29 ,29.43 ,31.00 ,35.88 ,30.40 ,31.87 ,32.63 ,37.56 ,31.87 ,31.87 ,31.87 ,31.25 ,31.25 ,31.25 ,37.56 ,37.89 ,38.20 ,34.59 ,34.59 ,34.59 ,35.88 ,35.88 ,35.11 ,35.11 ,36.33 ,37.56 ,37.56 ,37.56 ,39.30 ,40.95 ,40.57 ,36.74 ,36.74 ,37.89 ,37.89 ,39.05 ,39.05 ,37.10 ,38.20 ,39.30 ,39.30 ,41.62 ,42.67 ,41.73 ,42.73 ,40.40 ,40.40 ,40.40 ,40.40 ,39.52 ,39.52 ,39.52 ,40.57 ,40.57 ,41.62 ,41.62 ,42.67 ,42.67 ,42.67 ,40.40 ,40.40 ,39.52 ,39.52 ,40.57 ,40.57 ,41.62 ,41.62 ,42.67 ,42.67 ,40.40 ,40.40 ,40.40 ,39.52 ,39.52 ,39.52 ,40.57 ,40.57 ,41.62 ,41.62 ,42.67 ,42.67 ,40.40 ,39.52 ,39.52 ,40.57 ,40.57 ,41.62 ,41.62 ,42.67 
满破午餐2,18.45 ,16.60 ,15.90 ,13.80 ,18.45 ,16.60 ,15.90 ,13.80 ,18.45 ,16.60 ,15.90 ,13.80 ,18.45 ,16.60 ,15.90 ,13.80 ,18.45 ,16.60 ,15.90 ,13.80 ,18.45 ,16.60 ,15.90 ,13.80 ,18.45 ,16.60 ,15.90 ,13.80 ,10.00 ,10.50 ,10.50 ,13.20 ,18.00 ,19.00 ,33.20 ,19.71 ,19.71 ,19.71 ,19.71 ,23.14 ,23.14 ,23.14 ,23.14 ,23.14 ,23.25 ,29.08 ,23.33 ,23.33 ,23.33 ,23.33 ,23.33 ,33.20 ,23.33 ,26.00 ,25.80 ,26.00 ,25.80 ,29.50 ,29.08 ,30.92 ,30.92 ,36.35 ,32.14 ,33.86 ,39.18 ,33.20 ,34.80 ,35.63 ,41.00 ,34.80 ,34.80 ,34.80 ,34.13 ,34.13 ,34.13 ,41.00 ,41.37 ,41.70 ,37.76 ,37.76 ,37.76 ,39.18 ,39.18 ,38.33 ,38.33 ,39.67 ,41.00 ,41.00 ,41.00 ,42.90 ,44.70 ,44.29 ,40.11 ,40.11 ,41.37 ,41.37 ,42.63 ,42.63 ,40.50 ,41.70 ,42.90 ,42.90 ,45.43 ,46.57 ,45.55 ,46.64 ,44.10 ,44.10 ,44.10 ,44.10 ,43.14 ,43.14 ,43.14 ,44.29 ,44.29 ,45.43 ,45.43 ,46.57 ,46.57 ,46.57 ,44.10 ,44.10 ,43.14 ,43.14 ,44.29 ,44.29 ,45.43 ,45.43 ,46.57 ,46.57 ,44.10 ,44.10 ,44.10 ,43.14 ,43.14 ,43.14 ,44.29 ,44.29 ,45.43 ,45.43 ,46.57 ,46.57 ,44.10 ,43.14 ,43.14 ,44.29 ,44.29 ,45.43 ,45.43 ,46.57 
肖像1+满破午餐1,18.15 ,16.87 ,17.05 ,17.60 ,18.15 ,16.87 ,17.05 ,17.60 ,18.15 ,16.87 ,17.05 ,17.60 ,18.15 ,16.87 ,17.05 ,17.60 ,18.15 ,16.87 ,17.05 ,17.60 ,18.15 ,16.87 ,17.05 ,17.60 ,18.15 ,16.87 ,17.05 ,17.60 ,25.67 ,22.00 ,22.00 ,22.00 ,26.40 ,25.67 ,33.73 ,25.14 ,25.14 ,25.14 ,25.14 ,28.29 ,28.29 ,28.29 ,28.29 ,28.29 ,27.50 ,30.46 ,26.89 ,26.89 ,26.89 ,26.89 ,26.89 ,33.73 ,26.89 ,29.33 ,28.60 ,29.33 ,28.60 ,31.17 ,30.46 ,32.15 ,32.15 ,36.24 ,33.00 ,34.57 ,38.82 ,33.73 ,35.20 ,35.75 ,40.33 ,35.20 ,35.20 ,35.20 ,34.38 ,34.38 ,34.38 ,40.33 ,40.53 ,40.70 ,37.53 ,37.53 ,37.53 ,38.82 ,38.82 ,37.89 ,37.89 ,39.11 ,40.33 ,40.33 ,40.33 ,41.80 ,43.45 ,42.95 ,39.37 ,39.37 ,40.53 ,40.53 ,41.68 ,41.68 ,39.60 ,40.70 ,41.80 ,41.80 ,44.00 ,45.05 ,44.00 ,45.00 ,42.90 ,42.90 ,42.90 ,42.90 ,41.90 ,41.90 ,41.90 ,42.95 ,42.95 ,44.00 ,44.00 ,45.05 ,45.05 ,45.05 ,42.90 ,42.90 ,41.90 ,41.90 ,42.95 ,42.95 ,44.00 ,44.00 ,45.05 ,45.05 ,42.90 ,42.90 ,42.90 ,41.90 ,41.90 ,41.90 ,42.95 ,42.95 ,44.00 ,44.00 ,45.05 ,45.05 ,42.90 ,41.90 ,41.90 ,42.95 ,42.95 ,44.00 ,44.00 ,45.05 
肖像2+满破午餐1,19.40 ,18.53 ,19.55 ,22.60 ,19.40 ,18.53 ,19.55 ,22.60 ,19.40 ,18.53 ,19.55 ,22.60 ,19.40 ,18.53 ,19.55 ,22.60 ,19.40 ,18.53 ,19.55 ,22.60 ,19.40 ,18.53 ,19.55 ,22.60 ,19.40 ,18.53 ,19.55 ,22.60 ,42.33 ,34.50 ,34.50 ,32.00 ,36.40 ,34.00 ,37.07 ,32.29 ,32.29 ,32.29 ,32.29 ,35.43 ,35.43 ,35.43 ,35.43 ,35.43 ,33.75 ,34.31 ,32.44 ,32.44 ,32.44 ,32.44 ,32.44 ,37.07 ,32.44 ,34.89 ,33.60 ,34.89 ,33.60 ,35.33 ,34.31 ,36.00 ,36.00 ,39.18 ,36.57 ,38.14 ,41.76 ,37.07 ,38.53 ,38.88 ,43.11 ,38.53 ,38.53 ,38.53 ,37.50 ,37.50 ,37.50 ,43.11 ,43.16 ,43.20 ,40.47 ,40.47 ,40.47 ,41.76 ,41.76 ,40.67 ,40.67 ,41.89 ,43.11 ,43.11 ,43.11 ,44.30 ,45.95 ,45.33 ,42.00 ,42.00 ,43.16 ,43.16 ,44.32 ,44.32 ,42.10 ,43.20 ,44.30 ,44.30 ,46.38 ,47.43 ,46.27 ,47.27 ,45.40 ,45.40 ,45.40 ,45.40 ,44.29 ,44.29 ,44.29 ,45.33 ,45.33 ,46.38 ,46.38 ,47.43 ,47.43 ,47.43 ,45.40 ,45.40 ,44.29 ,44.29 ,45.33 ,45.33 ,46.38 ,46.38 ,47.43 ,47.43 ,45.40 ,45.40 ,45.40 ,44.29 ,44.29 ,44.29 ,45.33 ,45.33 ,46.38 ,46.38 ,47.43 ,47.43 ,45.40 ,44.29 ,44.29 ,45.33 ,45.33 ,46.38 ,46.38 ,47.43 
肖像1+满破午餐2,19.70 ,18.27 ,18.40 ,18.80 ,19.70 ,18.27 ,18.40 ,18.80 ,19.70 ,18.27 ,18.40 ,18.80 ,19.70 ,18.27 ,18.40 ,18.80 ,19.70 ,18.27 ,18.40 ,18.80 ,19.70 ,18.27 ,18.40 ,18.80 ,19.70 ,18.27 ,18.40 ,18.80 ,26.67 ,23.00 ,23.00 ,23.20 ,28.00 ,27.33 ,36.53 ,26.86 ,26.86 ,26.86 ,26.86 ,30.29 ,30.29 ,30.29 ,30.29 ,30.29 ,29.50 ,32.92 ,28.89 ,28.89 ,28.89 ,28.89 ,28.89 ,36.53 ,28.89 ,31.56 ,30.80 ,31.56 ,30.80 ,33.67 ,32.92 ,34.77 ,34.77 ,39.29 ,35.71 ,37.43 ,42.12 ,36.53 ,38.13 ,38.75 ,43.78 ,38.13 ,38.13 ,38.13 ,37.25 ,37.25 ,37.25 ,43.78 ,44.00 ,44.20 ,40.71 ,40.71 ,40.71 ,42.12 ,42.12 ,41.11 ,41.11 ,42.44 ,43.78 ,43.78 ,43.78 ,45.40 ,47.20 ,46.67 ,42.74 ,42.74 ,44.00 ,44.00 ,45.26 ,45.26 ,43.00 ,44.20 ,45.40 ,45.40 ,47.81 ,48.95 ,47.82 ,48.91 ,46.60 ,46.60 ,46.60 ,46.60 ,45.52 ,45.52 ,45.52 ,46.67 ,46.67 ,47.81 ,47.81 ,48.95 ,48.95 ,48.95 ,46.60 ,46.60 ,45.52 ,45.52 ,46.67 ,46.67 ,47.81 ,47.81 ,48.95 ,48.95 ,46.60 ,46.60 ,46.60 ,45.52 ,45.52 ,45.52 ,46.67 ,46.67 ,47.81 ,47.81 ,48.95 ,48.95 ,46.60 ,45.52 ,45.52 ,46.67 ,46.67 ,47.81 ,47.81 ,48.95 
